<?xml version="1.0" encoding="UTF-8"?>
<addon id="plugin.video.io" name="IO" version="1.1.1" provider-name="WAPITO">
  <requires>
     <import addon="xbmc.python" version="2.1.0"/>
	 <import addon="script.module.requests"/>
  </requires>
  <extension point="xbmc.python.pluginsource" library="init.py">
      <provides>video</provides>
  </extension>
  <extension point="xbmc.addon.metadata">
    <summary lang="en"></summary>
    <website></website>
    <description lang="en">https://www.facebook.com/ioiptv.iotv/</description>
    <forum></forum>
    <email></email>
    <disclaimer lang="es">https://www.facebook.com/ioiptv.iotv/</disclaimer>
    <platform>all</platform>
  </extension>
</addon>
